Pation_Type_Code,Patron_Type_Definition,Total_Checkouts,Total_Renewals,Age_Range,Home_Library_Code,Home_Library_Definition,Circulation_Active_Month,Circulation_Active_Year,Notice_Preference_Code,Notice_Preference_Definition,Provided_Email_Address,Year_Patron_Registered,Outside_of_County,Supervisor_District
3,SENIOR,28,13,65 to 74 years,X,Main Library,November,2012,z,email,TRUE,2003,TRUE
0,ADULT,21,10,55 to 59 years,X,Main Library,October,2015,z,email,TRUE,2003,FALSE
0,ADULT,275,559,60 to 64 years,X,Main Library,January,2015,z,email,TRUE,2003,TRUE
0,ADULT,73,38,45 to 54 years,M8,Mission Bay,February,2016,z,email,TRUE,2003,FALSE
0,ADULT,182,90,45 to 54 years,X,Main Library,July,2016,z,email,TRUE,2003,FALSE
3,SENIOR,1,0,65 to 74 years,X,Main Library,July,2004,z,email,TRUE,2003,TRUE
16,DIGITAL ACCESS CARD,31,4,65 to 74 years,P7,Potrero,January,2012,z,email,TRUE,2003,FALSE
0,ADULT,547,177,60 to 64 years,X,Main Library,July,2016,p,phone,FALSE,2003,TRUE
0,ADULT,28,1,60 to 64 years,X,Main Library,December,2015,z,email,TRUE,2003,FALSE
